id,title,location,link,date_posted,company,categories,key
R28137,Senior Data Steward – AI & Data,"Plantation, FL",https://careers.chewy.com/us/en/job/R28137/Senior-Data-Steward-AI-Data,2026-01-22T00:00:00.000+0000,Chewy,,Senior Data Steward – AI & Data||https://careers.chewy.com/us/en/job/R28137/Senior-Data-Steward-AI-Data||Chewy
R27673,"Director, Data Engineering and Analytics","Plantation, FL",https://careers.chewy.com/us/en/job/R27673/Director-Data-Engineering-and-Analytics,2026-01-21T00:00:00.000+0000,Chewy,,"Director, Data Engineering and Analytics||https://careers.chewy.com/us/en/job/R27673/Director-Data-Engineering-and-Analytics||Chewy"
R28163,P2P Analyst,"Plantation, FL",https://careers.chewy.com/us/en/job/R28163/P2P-Analyst,2026-01-21T00:00:00.000+0000,Chewy,,P2P Analyst||https://careers.chewy.com/us/en/job/R28163/P2P-Analyst||Chewy
R28164,P2P Analyst,"Plantation, FL",https://careers.chewy.com/us/en/job/R28164/P2P-Analyst,2026-01-21T00:00:00.000+0000,Chewy,,P2P Analyst||https://careers.chewy.com/us/en/job/R28164/P2P-Analyst||Chewy
R28003,"Manager, Data Science III","Richardson, TX",https://careers.chewy.com/us/en/job/R28003/Manager-Data-Science-III,2026-01-20T00:00:00.000+0000,Chewy,,"Manager, Data Science III||https://careers.chewy.com/us/en/job/R28003/Manager-Data-Science-III||Chewy"
R28107,"AD, Data Engineering","Plantation, FL",https://careers.chewy.com/us/en/job/R28107/AD-Data-Engineering,2026-01-21T00:00:00.000+0000,Chewy,,"AD, Data Engineering||https://careers.chewy.com/us/en/job/R28107/AD-Data-Engineering||Chewy"
R27974,Senior Financial Analyst,"Bellevue, WA",https://careers.chewy.com/us/en/job/R27974/Senior-Financial-Analyst,2026-01-21T00:00:00.000+0000,Chewy,,Senior Financial Analyst||https://careers.chewy.com/us/en/job/R27974/Senior-Financial-Analyst||Chewy
R28405,Senior Payroll Tax Analyst,USA - FL - Plantation - FLL7,https://careers.chewy.com/us/en/job/R28405/Senior-Payroll-Tax-Analyst,2026-01-22T00:00:00.000+0000,Chewy,,Senior Payroll Tax Analyst||https://careers.chewy.com/us/en/job/R28405/Senior-Payroll-Tax-Analyst||Chewy
R28097,"Senior Director, Pricing and Data Science","Bellevue, WA",https://careers.chewy.com/us/en/job/R28097/Senior-Director-Pricing-and-Data-Science,2026-01-21T00:00:00.000+0000,Chewy,,"Senior Director, Pricing and Data Science||https://careers.chewy.com/us/en/job/R28097/Senior-Director-Pricing-and-Data-Science||Chewy"
R28172,Business Intelligence Engineer III,"Bellevue, WA",https://careers.chewy.com/us/en/job/R28172/Business-Intelligence-Engineer-III,2026-01-21T00:00:00.000+0000,Chewy,,Business Intelligence Engineer III||https://careers.chewy.com/us/en/job/R28172/Business-Intelligence-Engineer-III||Chewy
,"Analyst, Strategic Sales & Analytics","Needham, MA ",https://careers.sharkninja.com/job/needham/analyst-strategic-sales-and-analytics/47204/90762137552,01/19/2026,SharkNinja,"Strategic, Sales, &, Analytics","Analyst, Strategic Sales & Analytics||https://careers.sharkninja.com/job/needham/analyst-strategic-sales-and-analytics/47204/90762137552||SharkNinja"
,SS&A Analyst Mexico,"Mexico City, Mexico City ",https://careers.sharkninja.com/job/mexico-city/ss-and-a-analyst-mexico/47204/90697408864,01/17/2026,SharkNinja,"Strategic, Sales, &, Analytics",SS&A Analyst Mexico||https://careers.sharkninja.com/job/mexico-city/ss-and-a-analyst-mexico/47204/90697408864||SharkNinja
,SS&A Analyst LATAM,"Mexico City, Mexico City ",https://careers.sharkninja.com/job/mexico-city/ss-and-a-analyst-latam/47204/90697408848,01/17/2026,SharkNinja,"Strategic, Sales, &, Analytics",SS&A Analyst LATAM||https://careers.sharkninja.com/job/mexico-city/ss-and-a-analyst-latam/47204/90697408848||SharkNinja
,Sales Analyst,"London, England ",https://careers.sharkninja.com/job/london/sales-analyst/47204/90589444000,01.14.2026,SharkNinja,Sales,Sales Analyst||https://careers.sharkninja.com/job/london/sales-analyst/47204/90589444000||SharkNinja
,Analyste des comptes clients – Région Mexique // Accounts Receivable Analyst – Mexico Region,"Montreal, Quebec ",https://careers.sharkninja.com/job/montreal/analyste-des-comptes-clients-region-mexique-accounts-receivable-analyst-mexico-region/47204/90589440240,01.14.2026,SharkNinja,Finance,Analyste des comptes clients – Région Mexique // Accounts Receivable Analyst – Mexico Region||https://careers.sharkninja.com/job/montreal/analyste-des-comptes-clients-region-mexique-accounts-receivable-analyst-mexico-region/47204/90589440240||SharkNinja
,Inventory Analyst,"Leeds, Leeds, England ",https://careers.sharkninja.com/job/leeds/inventory-analyst/47204/89539516528,12/15/2025,SharkNinja,"Supply, Chain",Inventory Analyst||https://careers.sharkninja.com/job/leeds/inventory-analyst/47204/89539516528||SharkNinja
,"Senior Director, Global Business Transformation","Needham, MA ",https://careers.sharkninja.com/job/needham/senior-director-global-business-transformation/47204/89452467120,12/12/2025,SharkNinja,Operations,"Senior Director, Global Business Transformation||https://careers.sharkninja.com/job/needham/senior-director-global-business-transformation/47204/89452467120||SharkNinja"
,Strategic Sales Analyst – EMEA Marketplace,"London, England ",https://careers.sharkninja.com/job/london/strategic-sales-analyst-emea-marketplace/47204/86514362048,12/11/2025,SharkNinja,"Strategic, Sales, &, Analytics",Strategic Sales Analyst – EMEA Marketplace||https://careers.sharkninja.com/job/london/strategic-sales-analyst-emea-marketplace/47204/86514362048||SharkNinja
,"Sales Analyst – Walmart, Shark","Bentonville, AR ",https://careers.sharkninja.com/job/bentonville/sales-analyst-walmart-shark/47204/85171391424,12/05/2025,SharkNinja,Sales,"Sales Analyst – Walmart, Shark||https://careers.sharkninja.com/job/bentonville/sales-analyst-walmart-shark/47204/85171391424||SharkNinja"
,Category Analyst,"Needham, MA ",https://careers.sharkninja.com/job/needham/category-analyst/47204/88388138576,11/13/2025,SharkNinja,"Strategic, Sales, &, Analytics",Category Analyst||https://careers.sharkninja.com/job/needham/category-analyst/47204/88388138576||SharkNinja
,Senior Data Engineer,"London, England ",https://careers.sharkninja.com/job/london/senior-data-engineer/47204/88342754672,11/12/2025,SharkNinja,"Data, and, Analytics",Senior Data Engineer||https://careers.sharkninja.com/job/london/senior-data-engineer/47204/88342754672||SharkNinja
,Commercial Finance Analyst (m/f/d),"Frankfurt am Main, Hesse ",https://careers.sharkninja.com/job/frankfurt-am-main/commercial-finance-analyst-m-f-d/47204/88044565600,11/04/2025,SharkNinja,FP&A,Commercial Finance Analyst (m/f/d)||https://careers.sharkninja.com/job/frankfurt-am-main/commercial-finance-analyst-m-f-d/47204/88044565600||SharkNinja
,Supply Chain Network Analyst,"Leeds, Leeds, England ",https://careers.sharkninja.com/job/leeds/supply-chain-network-analyst/47204/87747858528,10/27/2025,SharkNinja,Logistics,Supply Chain Network Analyst||https://careers.sharkninja.com/job/leeds/supply-chain-network-analyst/47204/87747858528||SharkNinja
r0013960,Senior Finance Workday Analyst,,https://jobs.snhu.edu/en/jobs/r0013960/senior-finance-workday-analyst/,,SNHU,,Senior Finance Workday Analyst||https://jobs.snhu.edu/en/jobs/r0013960/senior-finance-workday-analyst/||SNHU
r0013801,Student - Friends of Aine Data Assistant (Work Study Only),,https://jobs.snhu.edu/en/jobs/r0013801/student-friends-of-aine-data-assistant-work-study-only/,,SNHU,,Student - Friends of Aine Data Assistant (Work Study Only)||https://jobs.snhu.edu/en/jobs/r0013801/student-friends-of-aine-data-assistant-work-study-only/||SNHU
r0013713,Student - Nashua Center Data & Training Coordinator (Work Study Only),,https://jobs.snhu.edu/en/jobs/r0013713/student-nashua-center-data-training-coordinator-work-study-only/,,SNHU,,Student - Nashua Center Data & Training Coordinator (Work Study Only)||https://jobs.snhu.edu/en/jobs/r0013713/student-nashua-center-data-training-coordinator-work-study-only/||SNHU
R28404,Accounting and Data Rebate Analyst,"Plantation, FL",https://careers.chewy.com/us/en/job/R28404/Accounting-and-Data-Rebate-Analyst,2026-01-23T00:00:00.000+0000,Chewy,,Accounting and Data Rebate Analyst||https://careers.chewy.com/us/en/job/R28404/Accounting-and-Data-Rebate-Analyst||Chewy
R28382,Senior Financial Analyst,"Plantation, FL",https://careers.chewy.com/us/en/job/R28382/Senior-Financial-Analyst,2026-01-23T00:00:00.000+0000,Chewy,,Senior Financial Analyst||https://careers.chewy.com/us/en/job/R28382/Senior-Financial-Analyst||Chewy
R28584,Category Analyst - KM,"Plantation, FL",https://careers.chewy.com/us/en/job/R28584/Category-Analyst-KM,2026-01-23T00:00:00.000+0000,Chewy,,Category Analyst - KM||https://careers.chewy.com/us/en/job/R28584/Category-Analyst-KM||Chewy
dicks_202600240,Analyst Floor Planning,coraopolis PA,https://www.dickssportinggoods.jobs/job/analyst-floor-planning/coraopolis-PA/202600240/,,Dicks Sporting Goods,,Analyst Floor Planning||https://www.dickssportinggoods.jobs/job/analyst-floor-planning/coraopolis-PA/202600240/||Dicks Sporting Goods
dicks_202519884,Senior Program Manager Enterprise Data Intelligence Platforms Teammate,remote,https://www.dickssportinggoods.jobs/job/senior-program-manager-enterprise-data-intelligence-platforms-teammate/remote/202519884/,,Dicks Sporting Goods,,Senior Program Manager Enterprise Data Intelligence Platforms Teammate||https://www.dickssportinggoods.jobs/job/senior-program-manager-enterprise-data-intelligence-platforms-teammate/remote/202519884/||Dicks Sporting Goods
dicks_202519707,Senior Strategic Sourcing Analyst Tech Ecommerce Prof Services,coraopolis PA,https://www.dickssportinggoods.jobs/job/senior-strategic-sourcing-analyst-tech-ecommerce-prof-services/coraopolis-PA/202519707/,,Dicks Sporting Goods,,Senior Strategic Sourcing Analyst Tech Ecommerce Prof Services||https://www.dickssportinggoods.jobs/job/senior-strategic-sourcing-analyst-tech-ecommerce-prof-services/coraopolis-PA/202519707/||Dicks Sporting Goods
dicks_202519626,Ad Starr Salesforce Admin Business Analyst,coraopolis PA,https://www.dickssportinggoods.jobs/job/ad-starr-salesforce-admin-business-analyst/coraopolis-PA/202519626/,,Dicks Sporting Goods,,Ad Starr Salesforce Admin Business Analyst||https://www.dickssportinggoods.jobs/job/ad-starr-salesforce-admin-business-analyst/coraopolis-PA/202519626/||Dicks Sporting Goods
dicks_202519097,Analyst Floor Planning,coraopolis PA,https://www.dickssportinggoods.jobs/job/analyst-floor-planning/coraopolis-PA/202519097/,,Dicks Sporting Goods,,Analyst Floor Planning||https://www.dickssportinggoods.jobs/job/analyst-floor-planning/coraopolis-PA/202519097/||Dicks Sporting Goods
dicks_202518523,People Data Lead Remote,remote,https://www.dickssportinggoods.jobs/job/people-data-lead-remote/remote/202518523/,,Dicks Sporting Goods,,People Data Lead Remote||https://www.dickssportinggoods.jobs/job/people-data-lead-remote/remote/202518523/||Dicks Sporting Goods
dicks_202418566,Legal Analyst Litigation,coraopolis PA,https://www.dickssportinggoods.jobs/job/legal-analyst-litigation/coraopolis-PA/202418566/,,Dicks Sporting Goods,,Legal Analyst Litigation||https://www.dickssportinggoods.jobs/job/legal-analyst-litigation/coraopolis-PA/202418566/||Dicks Sporting Goods
dicks_202519577,Senior Data And Process Analyst,coraopolis PA,https://www.dickssportinggoods.jobs/job/senior-data-and-process-analyst/coraopolis-PA/202519577/,,Dicks Sporting Goods,,Senior Data And Process Analyst||https://www.dickssportinggoods.jobs/job/senior-data-and-process-analyst/coraopolis-PA/202519577/||Dicks Sporting Goods
dicks_202511243,Lead Data Scientist Search Remote,remote,https://www.dickssportinggoods.jobs/job/lead-data-scientist-search-remote/remote/202511243/,,Dicks Sporting Goods,,Lead Data Scientist Search Remote||https://www.dickssportinggoods.jobs/job/lead-data-scientist-search-remote/remote/202511243/||Dicks Sporting Goods
dicks_202518961,Senior Data Scientist Operations Research Decision Engine Remote,remote,https://www.dickssportinggoods.jobs/job/senior-data-scientist-operations-research-decision-engine-remote/remote/202518961/,,Dicks Sporting Goods,,Senior Data Scientist Operations Research Decision Engine Remote||https://www.dickssportinggoods.jobs/job/senior-data-scientist-operations-research-decision-engine-remote/remote/202518961/||Dicks Sporting Goods
dicks_202518988,Senior Data Scientist Customer Intent Decision Engine Remote,remote,https://www.dickssportinggoods.jobs/job/senior-data-scientist-customer-intent-decision-engine-remote/remote/202518988/,,Dicks Sporting Goods,,Senior Data Scientist Customer Intent Decision Engine Remote||https://www.dickssportinggoods.jobs/job/senior-data-scientist-customer-intent-decision-engine-remote/remote/202518988/||Dicks Sporting Goods
threat-intelligence-analyst,THREAT INTELLIGENCE ANALYST,,https://careers.draftkings.com//jobs/jr13452/threat-intelligence-analyst/,,Draft Kings,,THREAT INTELLIGENCE ANALYST||https://careers.draftkings.com//jobs/jr13452/threat-intelligence-analyst/||Draft Kings
new-business-specialist-arizona,"NEW BUSINESS SPECIALIST, ARIZONA",,https://careers.draftkings.com//jobs/jr12346/new-business-specialist-arizona/,,Draft Kings,,"NEW BUSINESS SPECIALIST, ARIZONA||https://careers.draftkings.com//jobs/jr12346/new-business-specialist-arizona/||Draft Kings"
new-business-specialist-detroit,"NEW BUSINESS SPECIALIST, DETROIT",,https://careers.draftkings.com//jobs/jr12345/new-business-specialist-detroit/,,Draft Kings,,"NEW BUSINESS SPECIALIST, DETROIT||https://careers.draftkings.com//jobs/jr12345/new-business-specialist-detroit/||Draft Kings"
senior-data-engineer-platform,"SENIOR DATA ENGINEER, PLATFORM",,https://careers.draftkings.com//jobs/jr13338/senior-data-engineer-platform/,,Draft Kings,,"SENIOR DATA ENGINEER, PLATFORM||https://careers.draftkings.com//jobs/jr13338/senior-data-engineer-platform/||Draft Kings"
senior-tax-analyst,SENIOR TAX ANALYST,,https://careers.draftkings.com//jobs/jr13478/senior-tax-analyst/,,Draft Kings,,SENIOR TAX ANALYST||https://careers.draftkings.com//jobs/jr13478/senior-tax-analyst/||Draft Kings
data-engineer,DATA ENGINEER,,https://careers.draftkings.com//jobs/jr13434/data-engineer/,,Draft Kings,,DATA ENGINEER||https://careers.draftkings.com//jobs/jr13434/data-engineer/||Draft Kings
analyst-ii-risk-analytics,"ANALYST II, RISK ANALYTICS",,https://careers.draftkings.com//jobs/jr13146/analyst-ii-risk-analytics/,,Draft Kings,,"ANALYST II, RISK ANALYTICS||https://careers.draftkings.com//jobs/jr13146/analyst-ii-risk-analytics/||Draft Kings"
lead-analyst-trading-analytics,"LEAD ANALYST, TRADING ANALYTICS",,https://careers.draftkings.com//jobs/jr13383/lead-analyst-trading-analytics/,,Draft Kings,,"LEAD ANALYST, TRADING ANALYTICS||https://careers.draftkings.com//jobs/jr13383/lead-analyst-trading-analytics/||Draft Kings"
customer-trading-analyst,CUSTOMER TRADING ANALYST,,https://careers.draftkings.com//jobs/jr13308/customer-trading-analyst/,,Draft Kings,,CUSTOMER TRADING ANALYST||https://careers.draftkings.com//jobs/jr13308/customer-trading-analyst/||Draft Kings
director-hr-business-partnership,"DIRECTOR, HR BUSINESS PARTNERSHIP",,https://careers.draftkings.com//jobs/jr13347/director-hr-business-partnership/,,Draft Kings,,"DIRECTOR, HR BUSINESS PARTNERSHIP||https://careers.draftkings.com//jobs/jr13347/director-hr-business-partnership/||Draft Kings"
analyst-ii-responsible-gaming-analytics,"ANALYST II, RESPONSIBLE GAMING ANALYTICS",,https://careers.draftkings.com//jobs/jr13280/analyst-ii-responsible-gaming-analytics/,,Draft Kings,,"ANALYST II, RESPONSIBLE GAMING ANALYTICS||https://careers.draftkings.com//jobs/jr13280/analyst-ii-responsible-gaming-analytics/||Draft Kings"
senior-product-manager-consumer-data-science,"SENIOR PRODUCT MANAGER, CONSUMER DATA SCIENCE",,https://careers.draftkings.com//jobs/jr13134/senior-product-manager-consumer-data-science/,,Draft Kings,,"SENIOR PRODUCT MANAGER, CONSUMER DATA SCIENCE||https://careers.draftkings.com//jobs/jr13134/senior-product-manager-consumer-data-science/||Draft Kings"
senior-product-manager-cx-ai-intelligence,"SENIOR PRODUCT MANAGER, CX AI INTELLIGENCE",,https://careers.draftkings.com//jobs/jr13172/senior-product-manager-cx-ai-intelligence/,,Draft Kings,,"SENIOR PRODUCT MANAGER, CX AI INTELLIGENCE||https://careers.draftkings.com//jobs/jr13172/senior-product-manager-cx-ai-intelligence/||Draft Kings"
senior-data-science-engineer-football,"SENIOR DATA SCIENCE ENGINEER, FOOTBALL",,https://careers.draftkings.com//jobs/jr12341/senior-data-science-engineer-football/,,Draft Kings,,"SENIOR DATA SCIENCE ENGINEER, FOOTBALL||https://careers.draftkings.com//jobs/jr12341/senior-data-science-engineer-football/||Draft Kings"
senior-data-science-engineer-american-football,"SENIOR DATA SCIENCE ENGINEER, AMERICAN FOOTBALL",,https://careers.draftkings.com//jobs/jr12611/senior-data-science-engineer-american-football/,,Draft Kings,,"SENIOR DATA SCIENCE ENGINEER, AMERICAN FOOTBALL||https://careers.draftkings.com//jobs/jr12611/senior-data-science-engineer-american-football/||Draft Kings"
data-science-manager-personalization,"DATA SCIENCE MANAGER, PERSONALIZATION",,https://careers.draftkings.com//jobs/jr12576/data-science-manager-personalization/,,Draft Kings,,"DATA SCIENCE MANAGER, PERSONALIZATION||https://careers.draftkings.com//jobs/jr12576/data-science-manager-personalization/||Draft Kings"
2122117,"Manager, Data Analytics and Insights",,https://jobs.fidelity.com/en/jobs/2122117/manager-data-analytics-and-insights/,,Fidelity,,"Manager, Data Analytics and Insights||https://jobs.fidelity.com/en/jobs/2122117/manager-data-analytics-and-insights/||Fidelity"
2122593,"Analyst, Market Data Services",,https://jobs.fidelity.com/en/jobs/2122593/analyst-market-data-services/,,Fidelity,,"Analyst, Market Data Services||https://jobs.fidelity.com/en/jobs/2122593/analyst-market-data-services/||Fidelity"
2119120,"Associate, Quantitative Data Operations",,https://jobs.fidelity.com/en/jobs/2119120/associate-quantitative-data-operations/,,Fidelity,,"Associate, Quantitative Data Operations||https://jobs.fidelity.com/en/jobs/2119120/associate-quantitative-data-operations/||Fidelity"
2116968,"Principle Business Analyst, Digital Solutions",,https://jobs.fidelity.com/en/jobs/2116968/principle-business-analyst-digital-solutions/,,Fidelity,,"Principle Business Analyst, Digital Solutions||https://jobs.fidelity.com/en/jobs/2116968/principle-business-analyst-digital-solutions/||Fidelity"
2119124,"Director, Quantitative Data Operations",,https://jobs.fidelity.com/en/jobs/2119124/director-quantitative-data-operations/,,Fidelity,,"Director, Quantitative Data Operations||https://jobs.fidelity.com/en/jobs/2119124/director-quantitative-data-operations/||Fidelity"
2123131,IT Audit Senior Analyst,,https://jobs.fidelity.com/en/jobs/2123131/it-audit-senior-analyst/,,Fidelity,,IT Audit Senior Analyst||https://jobs.fidelity.com/en/jobs/2123131/it-audit-senior-analyst/||Fidelity
2123649,Senior Systems Analyst,,https://jobs.fidelity.com/en/jobs/2123649/senior-systems-analyst/,,Fidelity,,Senior Systems Analyst||https://jobs.fidelity.com/en/jobs/2123649/senior-systems-analyst/||Fidelity
2121489,"Senior Manager, Data Analytics and Insights",,https://jobs.fidelity.com/en/jobs/2121489/senior-manager-data-analytics-and-insights/,,Fidelity,,"Senior Manager, Data Analytics and Insights||https://jobs.fidelity.com/en/jobs/2121489/senior-manager-data-analytics-and-insights/||Fidelity"
2122247,Systems Analyst,,https://jobs.fidelity.com/en/jobs/2122247/systems-analyst/,,Fidelity,,Systems Analyst||https://jobs.fidelity.com/en/jobs/2122247/systems-analyst/||Fidelity
2122787,"Manager, Data Analytics and Insights",,https://jobs.fidelity.com/en/jobs/2122787/manager-data-analytics-and-insights/,,Fidelity,,"Manager, Data Analytics and Insights||https://jobs.fidelity.com/en/jobs/2122787/manager-data-analytics-and-insights/||Fidelity"
2122022,"Consultant, Business Analysis",,https://jobs.fidelity.com/en/jobs/2122022/consultant-business-analysis/,,Fidelity,,"Consultant, Business Analysis||https://jobs.fidelity.com/en/jobs/2122022/consultant-business-analysis/||Fidelity"
2122489,"Analyst, Market Risk",,https://jobs.fidelity.com/en/jobs/2122489/analyst-market-risk/,,Fidelity,,"Analyst, Market Risk||https://jobs.fidelity.com/en/jobs/2122489/analyst-market-risk/||Fidelity"
2121008,Consultant Business Analyst,,https://jobs.fidelity.com/en/jobs/2121008/consultant-business-analyst/,,Fidelity,,Consultant Business Analyst||https://jobs.fidelity.com/en/jobs/2121008/consultant-business-analyst/||Fidelity
2119243,Product Analyst,,https://jobs.fidelity.com/en/jobs/2119243/product-analyst/,,Fidelity,,Product Analyst||https://jobs.fidelity.com/en/jobs/2119243/product-analyst/||Fidelity
2122937,Senior Strategy Analyst,,https://jobs.fidelity.com/en/jobs/2122937/senior-strategy-analyst/,,Fidelity,,Senior Strategy Analyst||https://jobs.fidelity.com/en/jobs/2122937/senior-strategy-analyst/||Fidelity
2122016,Head of Proposal and Database Delivery,,https://jobs.fidelity.com/en/jobs/2122016/head-of-proposal-and-database-delivery/,,Fidelity,,Head of Proposal and Database Delivery||https://jobs.fidelity.com/en/jobs/2122016/head-of-proposal-and-database-delivery/||Fidelity
2121511,BI Reporting Engineer - BusinessObjects,,https://jobs.fidelity.com/en/jobs/2121511/bi-reporting-engineer-businessobjects/,,Fidelity,,BI Reporting Engineer - BusinessObjects||https://jobs.fidelity.com/en/jobs/2121511/bi-reporting-engineer-businessobjects/||Fidelity
2117704,"Senior Manager, Cyber Risk Analyst",,https://jobs.fidelity.com/en/jobs/2117704/senior-manager-cyber-risk-analyst/,,Fidelity,,"Senior Manager, Cyber Risk Analyst||https://jobs.fidelity.com/en/jobs/2117704/senior-manager-cyber-risk-analyst/||Fidelity"
2123334,IT - System Analyst,,https://jobs.fidelity.com/en/jobs/2123334/it-system-analyst/,,Fidelity,,IT - System Analyst||https://jobs.fidelity.com/en/jobs/2123334/it-system-analyst/||Fidelity
2122853,Senior Business Analyst (SQL & Alteryx Developer),,https://jobs.fidelity.com/en/jobs/2122853/senior-business-analyst-sql-alteryx-developer/,,Fidelity,,Senior Business Analyst (SQL & Alteryx Developer)||https://jobs.fidelity.com/en/jobs/2122853/senior-business-analyst-sql-alteryx-developer/||Fidelity
2119196,"Senior Manager, Data Analytics",,https://jobs.fidelity.com/en/jobs/2119196/senior-manager-data-analytics/,,Fidelity,,"Senior Manager, Data Analytics||https://jobs.fidelity.com/en/jobs/2119196/senior-manager-data-analytics/||Fidelity"
2122450,Senior Financial Analyst,,https://jobs.fidelity.com/en/jobs/2122450/senior-financial-analyst/,,Fidelity,,Senior Financial Analyst||https://jobs.fidelity.com/en/jobs/2122450/senior-financial-analyst/||Fidelity
2121911,Principal Systems Analyst,,https://jobs.fidelity.com/en/jobs/2121911/principal-systems-analyst/,,Fidelity,,Principal Systems Analyst||https://jobs.fidelity.com/en/jobs/2121911/principal-systems-analyst/||Fidelity
2121216,Senior Investment Data Analyst,,https://jobs.fidelity.com/en/jobs/2121216/senior-investment-data-analyst/,,Fidelity,,Senior Investment Data Analyst||https://jobs.fidelity.com/en/jobs/2121216/senior-investment-data-analyst/||Fidelity
2121862,"Director, Market Data Services",,https://jobs.fidelity.com/en/jobs/2121862/director-market-data-services/,,Fidelity,,"Director, Market Data Services||https://jobs.fidelity.com/en/jobs/2121862/director-market-data-services/||Fidelity"
2118303,"Senior Manager, Investment Data Operations",,https://jobs.fidelity.com/en/jobs/2118303/senior-manager-investment-data-operations/,,Fidelity,,"Senior Manager, Investment Data Operations||https://jobs.fidelity.com/en/jobs/2118303/senior-manager-investment-data-operations/||Fidelity"
2123347,"Director, Data Strategy and Governance",,https://jobs.fidelity.com/en/jobs/2123347/director-data-strategy-and-governance/,,Fidelity,,"Director, Data Strategy and Governance||https://jobs.fidelity.com/en/jobs/2123347/director-data-strategy-and-governance/||Fidelity"
2121123,"Senior Analyst, Commission Uses",,https://jobs.fidelity.com/en/jobs/2121123/senior-analyst-commission-uses/,,Fidelity,,"Senior Analyst, Commission Uses||https://jobs.fidelity.com/en/jobs/2121123/senior-analyst-commission-uses/||Fidelity"
2121653,Senior Endpoint Security Analyst,,https://jobs.fidelity.com/en/jobs/2121653/senior-endpoint-security-analyst/,,Fidelity,,Senior Endpoint Security Analyst||https://jobs.fidelity.com/en/jobs/2121653/senior-endpoint-security-analyst/||Fidelity
2122940,Principal Systems Analyst - Digital Assets,,https://jobs.fidelity.com/en/jobs/2122940/principal-systems-analyst-digital-assets/,,Fidelity,,Principal Systems Analyst - Digital Assets||https://jobs.fidelity.com/en/jobs/2122940/principal-systems-analyst-digital-assets/||Fidelity
2123213,Principal Systems Analyst,,https://jobs.fidelity.com/en/jobs/2123213/principal-systems-analyst/,,Fidelity,,Principal Systems Analyst||https://jobs.fidelity.com/en/jobs/2123213/principal-systems-analyst/||Fidelity
2122347,"Senior Systems Analyst (Scrum, SQL, Jira)",,https://jobs.fidelity.com/en/jobs/2122347/senior-systems-analyst-scrum-sql-jira/,,Fidelity,,"Senior Systems Analyst (Scrum, SQL, Jira)||https://jobs.fidelity.com/en/jobs/2122347/senior-systems-analyst-scrum-sql-jira/||Fidelity"
2122900,Quantitative Investment Analyst,,https://jobs.fidelity.com/en/jobs/2122900/quantitative-investment-analyst/,,Fidelity,,Quantitative Investment Analyst||https://jobs.fidelity.com/en/jobs/2122900/quantitative-investment-analyst/||Fidelity
2123335,IT - Software Engineering - Data Engineer,,https://jobs.fidelity.com/en/jobs/2123335/it-software-engineering-data-engineer/,,Fidelity,,IT - Software Engineering - Data Engineer||https://jobs.fidelity.com/en/jobs/2123335/it-software-engineering-data-engineer/||Fidelity
2121906,"Manager, Market Data",,https://jobs.fidelity.com/en/jobs/2121906/manager-market-data/,,Fidelity,,"Manager, Market Data||https://jobs.fidelity.com/en/jobs/2121906/manager-market-data/||Fidelity"
2122562,Principal Data Scientist,,https://jobs.fidelity.com/en/jobs/2122562/principal-data-scientist/,,Fidelity,,Principal Data Scientist||https://jobs.fidelity.com/en/jobs/2122562/principal-data-scientist/||Fidelity
2122938,"Manager, Quantitative Data Analytics and Insights",,https://jobs.fidelity.com/en/jobs/2122938/manager-quantitative-data-analytics-and-insights/,,Fidelity,,"Manager, Quantitative Data Analytics and Insights||https://jobs.fidelity.com/en/jobs/2122938/manager-quantitative-data-analytics-and-insights/||Fidelity"
2122800,Principal IT Data Analyst,,https://jobs.fidelity.com/en/jobs/2122800/principal-it-data-analyst/,,Fidelity,,Principal IT Data Analyst||https://jobs.fidelity.com/en/jobs/2122800/principal-it-data-analyst/||Fidelity
2122722,Senior Data Engineer,,https://jobs.fidelity.com/en/jobs/2122722/senior-data-engineer/,,Fidelity,,Senior Data Engineer||https://jobs.fidelity.com/en/jobs/2122722/senior-data-engineer/||Fidelity
2122922,Senior Systems Analyst,,https://jobs.fidelity.com/en/jobs/2122922/senior-systems-analyst/,,Fidelity,,Senior Systems Analyst||https://jobs.fidelity.com/en/jobs/2122922/senior-systems-analyst/||Fidelity
2122816,"Principal, Data Engineer",,https://jobs.fidelity.com/en/jobs/2122816/principal-data-engineer/,,Fidelity,,"Principal, Data Engineer||https://jobs.fidelity.com/en/jobs/2122816/principal-data-engineer/||Fidelity"
2122692,"Director, Data Analysis",,https://jobs.fidelity.com/en/jobs/2122692/director-data-analysis/,,Fidelity,,"Director, Data Analysis||https://jobs.fidelity.com/en/jobs/2122692/director-data-analysis/||Fidelity"
2122797,"Director, Business Analysis",,https://jobs.fidelity.com/en/jobs/2122797/director-business-analysis/,,Fidelity,,"Director, Business Analysis||https://jobs.fidelity.com/en/jobs/2122797/director-business-analysis/||Fidelity"
2122779,Principal Data Modeler,,https://jobs.fidelity.com/en/jobs/2122779/principal-data-modeler/,,Fidelity,,Principal Data Modeler||https://jobs.fidelity.com/en/jobs/2122779/principal-data-modeler/||Fidelity
2122594,"Director, Bond SMA Business Oversight",,https://jobs.fidelity.com/en/jobs/2122594/director-bond-sma-business-oversight/,,Fidelity,,"Director, Bond SMA Business Oversight||https://jobs.fidelity.com/en/jobs/2122594/director-bond-sma-business-oversight/||Fidelity"
2122775,Principal Data Engineer,,https://jobs.fidelity.com/en/jobs/2122775/principal-data-engineer/,,Fidelity,,Principal Data Engineer||https://jobs.fidelity.com/en/jobs/2122775/principal-data-engineer/||Fidelity
2122812,Principal Systems Analyst,,https://jobs.fidelity.com/en/jobs/2122812/principal-systems-analyst/,,Fidelity,,Principal Systems Analyst||https://jobs.fidelity.com/en/jobs/2122812/principal-systems-analyst/||Fidelity
2121109,"Director, Data Architecture",,https://jobs.fidelity.com/en/jobs/2121109/director-data-architecture/,,Fidelity,,"Director, Data Architecture||https://jobs.fidelity.com/en/jobs/2121109/director-data-architecture/||Fidelity"
2115213,Business Analyst Consultant - FIA Data Product & Governance team,,https://jobs.fidelity.com/en/jobs/2115213/business-analyst-consultant-fia-data-product-governance-team/,,Fidelity,,Business Analyst Consultant - FIA Data Product & Governance team||https://jobs.fidelity.com/en/jobs/2115213/business-analyst-consultant-fia-data-product-governance-team/||Fidelity
2119850,"Senior Manager, Data Management Operations",,https://jobs.fidelity.com/en/jobs/2119850/senior-manager-data-management-operations/,,Fidelity,,"Senior Manager, Data Management Operations||https://jobs.fidelity.com/en/jobs/2119850/senior-manager-data-management-operations/||Fidelity"
2122192,"Analyst, ETF Trade Operations",,https://jobs.fidelity.com/en/jobs/2122192/analyst-etf-trade-operations/,,Fidelity,,"Analyst, ETF Trade Operations||https://jobs.fidelity.com/en/jobs/2122192/analyst-etf-trade-operations/||Fidelity"
2122770,"Analyst, Fidelity Consulting",,https://jobs.fidelity.com/en/jobs/2122770/analyst-fidelity-consulting/,,Fidelity,,"Analyst, Fidelity Consulting||https://jobs.fidelity.com/en/jobs/2122770/analyst-fidelity-consulting/||Fidelity"
2119227,Senior Technology Risk Analyst,,https://jobs.fidelity.com/en/jobs/2119227/senior-technology-risk-analyst/,,Fidelity,,Senior Technology Risk Analyst||https://jobs.fidelity.com/en/jobs/2119227/senior-technology-risk-analyst/||Fidelity
2121920,"Retirement Analyst, Fidelity Workplace Consulting",,https://jobs.fidelity.com/en/jobs/2121920/retirement-analyst-fidelity-workplace-consulting/,,Fidelity,,"Retirement Analyst, Fidelity Workplace Consulting||https://jobs.fidelity.com/en/jobs/2121920/retirement-analyst-fidelity-workplace-consulting/||Fidelity"
2121107,"Portfolio Analyst, Private Credit",,https://jobs.fidelity.com/en/jobs/2121107/portfolio-analyst-private-credit/,,Fidelity,,"Portfolio Analyst, Private Credit||https://jobs.fidelity.com/en/jobs/2121107/portfolio-analyst-private-credit/||Fidelity"
2120486,"Director, Dataset Onboarding",,https://jobs.fidelity.com/en/jobs/2120486/director-dataset-onboarding/,,Fidelity,,"Director, Dataset Onboarding||https://jobs.fidelity.com/en/jobs/2120486/director-dataset-onboarding/||Fidelity"
2122351,"Principal Business Analyst, Digital Solutions",,https://jobs.fidelity.com/en/jobs/2122351/principal-business-analyst-digital-solutions/,,Fidelity,,"Principal Business Analyst, Digital Solutions||https://jobs.fidelity.com/en/jobs/2122351/principal-business-analyst-digital-solutions/||Fidelity"
2118768,Transfer Agent Analyst,,https://jobs.fidelity.com/en/jobs/2118768/transfer-agent-analyst/,,Fidelity,,Transfer Agent Analyst||https://jobs.fidelity.com/en/jobs/2118768/transfer-agent-analyst/||Fidelity
2121868,"Data Consultant, Defined Benefit Project Manager",,https://jobs.fidelity.com/en/jobs/2121868/data-consultant-defined-benefit-project-manager/,,Fidelity,,"Data Consultant, Defined Benefit Project Manager||https://jobs.fidelity.com/en/jobs/2121868/data-consultant-defined-benefit-project-manager/||Fidelity"
2118868,"Business Analyst Consultant, FIA OCI/FIN Record Keeping Platform Team",,https://jobs.fidelity.com/en/jobs/2118868/business-analyst-consultant-fia-ocifin-record-keeping-platform-team/,,Fidelity,,"Business Analyst Consultant, FIA OCI/FIN Record Keeping Platform Team||https://jobs.fidelity.com/en/jobs/2118868/business-analyst-consultant-fia-ocifin-record-keeping-platform-team/||Fidelity"
2121229,"Vice President, New Business Development – Fidelity Charitable",,https://jobs.fidelity.com/en/jobs/2121229/vice-president-new-business-development-fidelity-charitable/,,Fidelity,,"Vice President, New Business Development – Fidelity Charitable||https://jobs.fidelity.com/en/jobs/2121229/vice-president-new-business-development-fidelity-charitable/||Fidelity"
2118118,"Manager, WI Quality Management Data Analytics",,https://jobs.fidelity.com/en/jobs/2118118/manager-wi-quality-management-data-analytics/,,Fidelity,,"Manager, WI Quality Management Data Analytics||https://jobs.fidelity.com/en/jobs/2118118/manager-wi-quality-management-data-analytics/||Fidelity"
2121263,Corporate Governance Analyst,,https://jobs.fidelity.com/en/jobs/2121263/corporate-governance-analyst/,,Fidelity,,Corporate Governance Analyst||https://jobs.fidelity.com/en/jobs/2121263/corporate-governance-analyst/||Fidelity
2120655,Principal Data Scientist,,https://jobs.fidelity.com/en/jobs/2120655/principal-data-scientist/,,Fidelity,,Principal Data Scientist||https://jobs.fidelity.com/en/jobs/2120655/principal-data-scientist/||Fidelity
2121013,Smart Contract Engineer/Data Science Associate,,https://jobs.fidelity.com/en/jobs/2121013/smart-contract-engineerdata-science-associate/,,Fidelity,,Smart Contract Engineer/Data Science Associate||https://jobs.fidelity.com/en/jobs/2121013/smart-contract-engineerdata-science-associate/||Fidelity
2116716,Payroll Tax Analyst,,https://jobs.fidelity.com/en/jobs/2116716/payroll-tax-analyst/,,Fidelity,,Payroll Tax Analyst||https://jobs.fidelity.com/en/jobs/2116716/payroll-tax-analyst/||Fidelity
2118944,"Associate Analyst, Brokerage Treasury Operations",,https://jobs.fidelity.com/en/jobs/2118944/associate-analyst-brokerage-treasury-operations/,,Fidelity,,"Associate Analyst, Brokerage Treasury Operations||https://jobs.fidelity.com/en/jobs/2118944/associate-analyst-brokerage-treasury-operations/||Fidelity"
2121059,"Principal Software Engineer (C++, Market Data, LINUX)",,https://jobs.fidelity.com/en/jobs/2121059/principal-software-engineer-cplusplus-market-data-linux/,,Fidelity,,"Principal Software Engineer (C++, Market Data, LINUX)||https://jobs.fidelity.com/en/jobs/2121059/principal-software-engineer-cplusplus-market-data-linux/||Fidelity"
2120245,Principal Crypto Technology Risk Analyst - Fidelity Digital Assets®,,https://jobs.fidelity.com/en/jobs/2120245/principal-crypto-technology-risk-analyst-fidelity-digital-assets/,,Fidelity,,Principal Crypto Technology Risk Analyst - Fidelity Digital Assets®||https://jobs.fidelity.com/en/jobs/2120245/principal-crypto-technology-risk-analyst-fidelity-digital-assets/||Fidelity
2121396,Analyst - Investments COE,,https://jobs.fidelity.com/en/jobs/2121396/analyst-investments-coe/,,Fidelity,,Analyst - Investments COE||https://jobs.fidelity.com/en/jobs/2121396/analyst-investments-coe/||Fidelity
2119805,Sr. Fraud Technology Risk Analyst,,https://jobs.fidelity.com/en/jobs/2119805/sr-fraud-technology-risk-analyst/,,Fidelity,,Sr. Fraud Technology Risk Analyst||https://jobs.fidelity.com/en/jobs/2119805/sr-fraud-technology-risk-analyst/||Fidelity
2120262,Senior Cyber Technology Risk Analyst,,https://jobs.fidelity.com/en/jobs/2120262/senior-cyber-technology-risk-analyst/,,Fidelity,,Senior Cyber Technology Risk Analyst||https://jobs.fidelity.com/en/jobs/2120262/senior-cyber-technology-risk-analyst/||Fidelity
2120414,Principal Quant Data Engineer,,https://jobs.fidelity.com/en/jobs/2120414/principal-quant-data-engineer/,,Fidelity,,Principal Quant Data Engineer||https://jobs.fidelity.com/en/jobs/2120414/principal-quant-data-engineer/||Fidelity
2116297,Principal Data Scientist,,https://jobs.fidelity.com/en/jobs/2116297/principal-data-scientist/,,Fidelity,,Principal Data Scientist||https://jobs.fidelity.com/en/jobs/2116297/principal-data-scientist/||Fidelity
2118488,Principal Data Modeler - Alternative Investments,,https://jobs.fidelity.com/en/jobs/2118488/principal-data-modeler-alternative-investments/,,Fidelity,,Principal Data Modeler - Alternative Investments||https://jobs.fidelity.com/en/jobs/2118488/principal-data-modeler-alternative-investments/||Fidelity
2118230,"Director, Data Science",,https://jobs.fidelity.com/en/jobs/2118230/director-data-science/,,Fidelity,,"Director, Data Science||https://jobs.fidelity.com/en/jobs/2118230/director-data-science/||Fidelity"
